,Platform,URL,Date Crawled,Store,Product Title,Crossed Price,Current Price,Percent Discount,Available Colors,Available Sizes,Sold,Rating Count,Average Rating,Description,Danh Mục,Thương hiệu,Xuất xứ,Mẫu,Kho hàng,Gửi từ,Chất liệu,Chiều dài tay áo
0,Shopee,https://shopee.vn/%C3%81o-s%C6%A1-mi-ghi-v%C3%A2n-k%E1%BA%BB-n%E1%BA%B9p-zic-z%E1%BA%AFc-thi%E1%BA%BFt-k%E1%BA%BF-Elise-FF2307207TSWOGR-i.337822850.25866113521?sp_atk=fa30952e-2c06-4655-bea9-fa82ad7aed9a&xptdk=fa30952e-2c06-4655-bea9-fa82ad7aed9a,2024-03-22,Elise Official,Áo sơ mi ghi vân kẻ nẹp zic zắc thiết kế Elise FF2307207TSWOGR,₫1.198.000,₫479.200,60% GIẢM,['GREY'],"['L', 'M', 'S', 'XL']",1,,0,"Sản phẩm được sử dụng chất liệu cao cấp, độ bền cao, sản phẩm mang đến sự thoải mái, dễ chịu nhất cho người mặc.
- Màu sắc trang nhã, lịch sự dễ dàng kết hợp với nhiều trang phục.
- Đường may chắc chắn và tỉ mỉ, mang đến độ bền đẹp lâu dài cho sản phẩm.
- Dễ giặt sạch, dễ ủi thẳng khi sử dụng, tiết kiệm nhiều thời gian.
- Dễ dàng phối hợp cùng nhiều phụ kiện khác mang đến phong cách thời trang riêng cho bạn nữ, khéo léo lựa chọn trang phục cùng phụ kiện phù hợp, bạn sẽ có set đồ đẹp mắt... Bạn có thể kết hợp cùng giày sandals, giày búp bê, giày cao gót hoặc các kiểu dép khác nhau giúp bạn thêm tự tin khi ra đường.

⚜️ Được thiết kế độc quyền bởi thương hiệu thời trang ELISE với hệ thống showroom khắp cả nước Thương hiệu uy tín, sản phẩm chất lượng mà mang lại vẻ đẹp tuyệt vời cho chị em phụ nữ. ELISE tin rằng sẽ đem lại sự trải nghiệm tuyệt vời cho các chị khi sử dụng sản phẩm và dịch vụ.

LƯU Ý QUAN TRỌNG:
* Sản phẩm sale KHÔNG BAO GỒM phụ kiện đi kèm.
* Sản phẩm mua online KHÔNG HỖ TRỢ ĐỔI TRẢ (Trừ trường hợp hàng lỗi do nhà sản xuất sẽ được hỗ trợ đổi trả trong 3 ngày kể từ lúc nhận hàng, đối với trường hợp chưa bấm xác nhận hoàn tất)
* Bảng size trên mang tính chất tham khảo, tùy thuộc vào số đo cơ thể mỗi người và chất liệu vải khác nhau sẽ có sự chênh lệch nhất định từ 1 - 2cm.
* Màu sắc vải/ sản phẩm có thể sẽ chênh lệch thực tế một phần nhỏ, do ảnh hưởng về độ lệch màu của ánh sáng nhưng vẫn đảm bảo chất lượng.
* Khi mở gói hàng, các bạn vui lòng quay lại video quá trình mở sản phẩm để được đảm bảo 100% đổi lại sản phẩm mới nếu Elise giao hàng bị thiếu hoặc lỗi sản phẩm.
* Giặt và bảo quản: Nên giặt tay bằng nước lạnh, hạn chế giặt bằng nước nóng quá 40 độ C. Giặt riêng với các sản phẩm dễ phai màu. Bảo quản nơi khô thoáng, tránh ánh nắng trực tiếp.
#Elise #quanthietke #sangtrong #freeship #hottrend",Shopee>Thời Trang Nữ>Áo>Áo sơ mi,ELISE,Việt Nam,Sọc,59,Hà Nội,,
1,Shopee,https://shopee.vn/%C3%81o-s%C6%A1-mi-chiffon-be-v%C3%A0ng-b%E1%BA%A5u-m%C3%AD-ng%E1%BB%B1c-thi%E1%BA%BFt-k%E1%BA%BF-Elise-FS2305054TLWOBE-i.337822850.24966117906?sp_atk=cb27c612-a48d-4998-ab53-74bec80201fa&xptdk=cb27c612-a48d-4998-ab53-74bec80201fa,2024-03-22,Elise Official,Áo sơ mi chiffon be vàng bấu mí ngực thiết kế Elise FS2305054TLWOBE,₫1.098.000,₫549.000,50% GIẢM,['BEIGE'],"['L', 'M', 'XL']",0,,0,"Sản phẩm được sử dụng chất liệu cao cấp, độ bền cao, sản phẩm mang đến sự thoải mái, dễ chịu nhất cho người mặc.
- Màu sắc trang nhã, lịch sự dễ dàng kết hợp với nhiều trang phục.
- Đường may chắc chắn và tỉ mỉ, mang đến độ bền đẹp lâu dài cho sản phẩm.
- Dễ giặt sạch, dễ ủi thẳng khi sử dụng, tiết kiệm nhiều thời gian.
- Dễ dàng phối hợp cùng nhiều phụ kiện khác mang đến phong cách thời trang riêng cho bạn nữ, khéo léo lựa chọn trang phục cùng phụ kiện phù hợp, bạn sẽ có set đồ đẹp mắt... Bạn có thể kết hợp cùng giày sandals, giày búp bê, giày cao gót hoặc các kiểu dép khác nhau giúp bạn thêm tự tin khi ra đường.

⚜️ Được thiết kế độc quyền bởi thương hiệu thời trang ELISE với hệ thống showroom khắp cả nước Thương hiệu uy tín, sản phẩm chất lượng mà mang lại vẻ đẹp tuyệt vời cho chị em phụ nữ. ELISE tin rằng sẽ đem lại sự trải nghiệm tuyệt vời cho các chị khi sử dụng sản phẩm và dịch vụ.

LƯU Ý QUAN TRỌNG:
* Sản phẩm sale KHÔNG BAO GỒM phụ kiện đi kèm.
* Sản phẩm mua online KHÔNG HỖ TRỢ ĐỔI TRẢ (Trừ trường hợp hàng lỗi do nhà sản xuất sẽ được hỗ trợ đổi trả trong 3 ngày kể từ lúc nhận hàng, đối với trường hợp chưa bấm xác nhận hoàn tất)
* Bảng size trên mang tính chất tham khảo, tùy thuộc vào số đo cơ thể mỗi người và chất liệu vải khác nhau sẽ có sự chênh lệch nhất định từ 1 - 2cm.
* Màu sắc vải/ sản phẩm có thể sẽ chênh lệch thực tế một phần nhỏ, do ảnh hưởng về độ lệch màu của ánh sáng nhưng vẫn đảm bảo chất lượng.
* Khi mở gói hàng, các bạn vui lòng quay lại video quá trình mở sản phẩm để được đảm bảo 100% đổi lại sản phẩm mới nếu Elise giao hàng bị thiếu hoặc lỗi sản phẩm.
* Giặt và bảo quản: Nên giặt tay bằng nước lạnh, hạn chế giặt bằng nước nóng quá 40 độ C. Giặt riêng với các sản phẩm dễ phai màu. Bảo quản nơi khô thoáng, tránh ánh nắng trực tiếp.
#Elise #quanthietke #sangtrong #freeship #hottrend",Shopee>Thời Trang Nữ>Áo>Áo sơ mi,ELISE,Việt Nam,,40,Hà Nội,voan,Dài tay
2,Shopee,https://shopee.vn/%C3%81o-s%C6%A1-mi-th%C3%B4-tr%E1%BA%AFng-k%E1%BA%BB-c%C3%A0i-hoa-thi%E1%BA%BFt-k%E1%BA%BF-Elise-FS2205063TSWOWH-i.337822850.23751182418?sp_atk=8e6a7d6f-7a45-49ed-8179-b1fbd1e7ce88&xptdk=8e6a7d6f-7a45-49ed-8179-b1fbd1e7ce88,2024-03-22,Elise Official,Áo sơ mi thô trắng kẻ cài hoa thiết kế Elise FS2205063TSWOWH,₫1.198.000,₫299.500,75% GIẢM,['Màu trắng'],"['L', 'M', 'S', 'XL']",15,,4.3,"Sản phẩm được sử dụng chất liệu cao cấp, độ bền cao, sản phẩm mang đến sự thoải mái, dễ chịu nhất cho người mặc.
- Màu sắc trang nhã, lịch sự dễ dàng kết hợp với nhiều trang phục.
- Đường may chắc chắn và tỉ mỉ, mang đến độ bền đẹp lâu dài cho sản phẩm.
- Dễ giặt sạch, dễ ủi thẳng khi sử dụng, tiết kiệm nhiều thời gian.
- Dễ dàng phối hợp cùng nhiều phụ kiện khác mang đến phong cách thời trang riêng cho bạn nữ, khéo léo lựa chọn trang phục cùng phụ kiện phù hợp, bạn sẽ có set đồ đẹp mắt... Bạn có thể kết hợp cùng giày sandals, giày búp bê, giày cao gót hoặc các kiểu dép khác nhau giúp bạn thêm tự tin khi ra đường.
⚜️ Được thiết kế độc quyền bởi thương hiệu thời trang ELISE với hệ thống showroom khắp cả nước Thương hiệu uy tín, sản phẩm chất lượng mà mang lại vẻ đẹp tuyệt vời cho chị em phụ nữ. ELISE tin rằng sẽ đem lại sự trải nghiệm tuyệt vời cho các chị khi sử dụng sản phẩm và dịch vụ.
 LƯU Ý QUAN TRỌNG:
* Sản phẩm sale KHÔNG BAO GỒM phụ kiện đi kèm.
* Sản phẩm mua online KHÔNG HỖ TRỢ ĐỔI TRẢ (Trừ trường hợp hàng lỗi do nhà sản xuất sẽ được hỗ trợ đổi trả trong 3 ngày kể từ lúc nhận hàng, đối với trường hợp chưa bấm xác nhận hoàn tất)
* Bảng size trên mang tính chất tham khảo, tùy thuộc vào số đo cơ thể mỗi người và chất liệu vải khác nhau sẽ có sự chênh lệch nhất định từ 1 - 2cm.
* Màu sắc vải/ sản phẩm có thể sẽ chênh lệch thực tế một phần nhỏ, do ảnh hưởng về độ lệch màu của ánh sáng nhưng vẫn đảm bảo chất lượng.
* Khi mở gói hàng, các bạn vui lòng quay lại video quá trình mở sản phẩm để được đảm bảo 100% đổi lại sản phẩm mới nếu Elise giao hàng bị thiếu hoặc lỗi sản phẩm.
* Giặt và bảo quản: Nên giặt tay bằng nước lạnh, hạn chế giặt bằng nước nóng quá 40 độ C. Giặt riêng với các sản phẩm dễ phai màu. Bảo quản nơi khô thoáng, tránh ánh nắng trực tiếp.
#Elise #quanthietke #sangtrong #freeship #hottrend",Shopee>Thời Trang Nữ>Áo>Áo sơ mi,ELISE,Việt Nam,,29,Hà Nội,,
3,Shopee,https://shopee.vn/%C4%90%E1%BA%A7m-tweed-m%E1%BB%8Fng-xanh-l%C3%A1-t%C3%BAi-%E1%BB%91p-thi%E1%BA%BFt-k%E1%BA%BF-Elise-FS2305113DIWOGE-i.337822850.25966113673?sp_atk=0fd75d27-f9b4-4bc2-82b9-5e27a560ede1&xptdk=0fd75d27-f9b4-4bc2-82b9-5e27a560ede1,2024-03-22,Elise Official,Đầm tweed mỏng xanh lá túi ốp thiết kế Elise FS2305113DIWOGE,₫2.198.000,₫1.099.000,50% GIẢM,['GREEN'],"['L', 'M', 'S', 'XL']",0,,0,"Sản phẩm được sử dụng chất liệu cao cấp, độ bền cao, sản phẩm mang đến sự thoải mái, dễ chịu nhất cho người mặc.
- Màu sắc trang nhã, lịch sự dễ dàng kết hợp với nhiều trang phục.
- Đường may chắc chắn và tỉ mỉ, mang đến độ bền đẹp lâu dài cho sản phẩm.
- Dễ giặt sạch, dễ ủi thẳng khi sử dụng, tiết kiệm nhiều thời gian.
- Dễ dàng phối hợp cùng nhiều phụ kiện khác mang đến phong cách thời trang riêng cho bạn nữ, khéo léo lựa chọn trang phục cùng phụ kiện phù hợp, bạn sẽ có set đồ đẹp mắt... Bạn có thể kết hợp cùng giày sandals, giày búp bê, giày cao gót hoặc các kiểu dép khác nhau giúp bạn thêm tự tin khi ra đường.

⚜️ Được thiết kế độc quyền bởi thương hiệu thời trang ELISE với hệ thống showroom khắp cả nước Thương hiệu uy tín, sản phẩm chất lượng mà mang lại vẻ đẹp tuyệt vời cho chị em phụ nữ. ELISE tin rằng sẽ đem lại sự trải nghiệm tuyệt vời cho các chị khi sử dụng sản phẩm và dịch vụ.

LƯU Ý QUAN TRỌNG:
* Sản phẩm sale KHÔNG BAO GỒM phụ kiện đi kèm.
* Sản phẩm mua online KHÔNG HỖ TRỢ ĐỔI TRẢ (Trừ trường hợp hàng lỗi do nhà sản xuất sẽ được hỗ trợ đổi trả trong 3 ngày kể từ lúc nhận hàng, đối với trường hợp chưa bấm xác nhận hoàn tất)
* Bảng size trên mang tính chất tham khảo, tùy thuộc vào số đo cơ thể mỗi người và chất liệu vải khác nhau sẽ có sự chênh lệch nhất định từ 1 - 2cm.
* Màu sắc vải/ sản phẩm có thể sẽ chênh lệch thực tế một phần nhỏ, do ảnh hưởng về độ lệch màu của ánh sáng nhưng vẫn đảm bảo chất lượng.
* Khi mở gói hàng, các bạn vui lòng quay lại video quá trình mở sản phẩm để được đảm bảo 100% đổi lại sản phẩm mới nếu Elise giao hàng bị thiếu hoặc lỗi sản phẩm.
* Giặt và bảo quản: Nên giặt tay bằng nước lạnh, hạn chế giặt bằng nước nóng quá 40 độ C. Giặt riêng với các sản phẩm dễ phai màu. Bảo quản nơi khô thoáng, tránh ánh nắng trực tiếp.
#Elise #quanthietke #sangtrong #freeship #hottrend",Shopee>Thời Trang Nữ>Đầm/Váy,ELISE,Việt Nam,Trơn,57,Hà Nội,,
4,Shopee,https://shopee.vn/%C4%90%E1%BA%A7m-xanh-c%E1%BB%91m-v%E1%BA%A1t-eo-thi%E1%BA%BFt-k%E1%BA%BF-Elise-FS2204339DIWOGE-i.337822850.19977723797?sp_atk=fcf61640-d0cd-46b0-af5d-2809d2692f1f&xptdk=fcf61640-d0cd-46b0-af5d-2809d2692f1f,2024-03-22,Elise Official,Đầm xanh cốm vạt eo thiết kế Elise FS2204339DIWOGE,₫1.998.000,₫599.400,70% GIẢM,['Màu xanh'],"['L', 'M', 'S', 'XL']",66,,4.6,"Sản phẩm được sử dụng chất liệu cao cấp, độ bền cao, sản phẩm mang đến sự thoải mái, dễ chịu nhất cho người mặc.
- Màu sắc trang nhã, lịch sự dễ dàng kết hợp với nhiều trang phục.
- Đường may chắc chắn và tỉ mỉ, mang đến độ bền đẹp lâu dài cho sản phẩm.
- Dễ giặt sạch, dễ ủi thẳng khi sử dụng, tiết kiệm nhiều thời gian.
- Dễ dàng phối hợp cùng nhiều phụ kiện khác mang đến phong cách thời trang riêng cho bạn nữ, khéo léo lựa chọn trang phục cùng phụ kiện phù hợp, bạn sẽ có set đồ đẹp mắt... Bạn có thể kết hợp cùng giày sandals, giày búp bê, giày cao gót hoặc các kiểu dép khác nhau giúp bạn thêm tự tin khi ra đường.
⚜️ Được thiết kế độc quyền bởi thương hiệu thời trang ELISE với hệ thống showroom khắp cả nước Thương hiệu uy tín, sản phẩm chất lượng mà mang lại vẻ đẹp tuyệt vời cho chị em phụ nữ. ELISE tin rằng sẽ đem lại sự trải nghiệm tuyệt vời cho các chị khi sử dụng sản phẩm và dịch vụ.
 LƯU Ý QUAN TRỌNG:
* Sản phẩm sale KHÔNG BAO GỒM phụ kiện đi kèm.
* Sản phẩm mua online KHÔNG HỖ TRỢ ĐỔI TRẢ (Trừ trường hợp hàng lỗi do nhà sản xuất sẽ được hỗ trợ đổi trả trong 3 ngày kể từ lúc nhận hàng, đối với trường hợp chưa bấm xác nhận hoàn tất)
* Bảng size trên mang tính chất tham khảo, tùy thuộc vào số đo cơ thể mỗi người và chất liệu vải khác nhau sẽ có sự chênh lệch nhất định từ 1 - 2cm.
* Màu sắc vải/ sản phẩm có thể sẽ chênh lệch thực tế một phần nhỏ, do ảnh hưởng về độ lệch màu của ánh sáng nhưng vẫn đảm bảo chất lượng.
* Khi mở gói hàng, các bạn vui lòng quay lại video quá trình mở sản phẩm để được đảm bảo 100% đổi lại sản phẩm mới nếu Elise giao hàng bị thiếu hoặc lỗi sản phẩm.
* Giặt và bảo quản: Nên giặt tay bằng nước lạnh, hạn chế giặt bằng nước nóng quá 40 độ C. Giặt riêng với các sản phẩm dễ phai màu. Bảo quản nơi khô thoáng, tránh ánh nắng trực tiếp.
#Elise #quanthietke #sangtrong #freeship #hottrend",Shopee>Thời Trang Nữ>Đầm/Váy,ELISE,Việt Nam,,18,Hà Nội,,
