general_id,product_id,sku,url,product_name,price,image_list
elise_56759,56759,fs2401296dmwocr,https://elise.vn/dam-kem-duoi-ca-no-eo-fs2401296dmwocr.html,ĐẦM KEM ĐUÔI CÁ NƠ EO,2.098.000 VND,{'001_ĐẦM KEM ĐUÔI CÁ NƠ EO': 'https://elise.vn/media/catalog/product/cache/f677d7e3a5087b6a18a5b1f320b78594/f/s/fs2401296dmwocr.jpg'}
elise_57182,57182,fs2312087bkwobk,https://elise.vn/cv-tafta-den-xep-ly-fs2312087bkwobk.html,CV TAFTA ĐEN XẾP LY,1.398.000 VND,{'001_CV TAFTA ĐEN XẾP LY': 'https://elise.vn/media/catalog/product/cache/f677d7e3a5087b6a18a5b1f320b78594/f/s/fs2312087bkwobk1.jpg'}
elise_57172,57172,ff2309131diwowh,https://elise.vn/dam-trang-phoi-to-beo-nep-ff2309131diwowh.html,ĐẦM TRẮNG PHỐI TƠ BÈO NẸP,2.198.000 VND,{'001_ĐẦM TRẮNG PHỐI TƠ BÈO NẸP': 'https://elise.vn/media/catalog/product/cache/f677d7e3a5087b6a18a5b1f320b78594/f/f/ff2309131diwowh.jpg'}
elise_57167,57167,fs2312059diwoor,https://elise.vn/dam-cam-dat-chan-but-chi-co-lat-fs2312059diwoor.html,ĐẦM CAM ĐẤT CHÂN BÚT CHÌ CỔ LẬT,2.098.000 VND,{'001_ĐẦM CAM ĐẤT CHÂN BÚT CHÌ CỔ LẬT': 'https://elise.vn/media/catalog/product/cache/f677d7e3a5087b6a18a5b1f320b78594/f/s/fs2312059diwoor.jpg'}
elise_57162,57162,fs2312105bpwobr,https://elise.vn/quan-suong-nau-ly-giua-nap-tui-fs2312105bpwobr.html,QUẦN SUÔNG NÂU LY GIỮA NẮP TÚI,1.298.000 VND,{'001_QUẦN SUÔNG NÂU LY GIỮA NẮP TÚI': 'https://elise.vn/media/catalog/product/cache/f677d7e3a5087b6a18a5b1f320b78594/f/s/fs2312105bpwobr2.jpg'}
elise_57157,57157,fs2312104tswobr,https://elise.vn/ao-nau-tui-nguc-nap-dinh-thanh-logo-fs2312104tswobr.html,ÁO NÂU TÚI NGỰC NẮP ĐÍNH THANH LOGO,1.098.000 VND,{'001_ÁO NÂU TÚI NGỰC NẮP ĐÍNH THANH LOGO': 'https://elise.vn/media/catalog/product/cache/f677d7e3a5087b6a18a5b1f320b78594/f/s/fs2312104tswobr1.jpg'}
elise_57152,57152,fs2305101bkwobk,https://elise.vn/chan-vay-den-dap-ly-fs2305101bkwobk.html,CHÂN VÁY ĐEN DẬP LY,1.398.000 VND,{'001_CHÂN VÁY ĐEN DẬP LY': 'https://elise.vn/media/catalog/product/cache/f677d7e3a5087b6a18a5b1f320b78594/f/s/fs2305101bkwobk1.jpg'}
elise_57147,57147,fs2312133tsorbk,https://elise.vn/ao-to-den-de-ren-luoi-hoa-fs2312133tsorbk.html,ÁO TƠ ĐEN ĐÈ REN LƯỚI HOA,1.198.000 VND,{'001_ÁO TƠ ĐEN ĐÈ REN LƯỚI HOA': 'https://elise.vn/media/catalog/product/cache/f677d7e3a5087b6a18a5b1f320b78594/f/s/fs2312133tsorbk.jpg'}
elise_57142,57142,ff2308213dmwobk,https://elise.vn/dam-chiffon-den-chan-xep-nhun-ff2308213dmwobk.html,ĐẦM CHIFFON ĐEN CHÂN XẾP NHÚN,2.198.000 VND,{'001_ĐẦM CHIFFON ĐEN CHÂN XẾP NHÚN': 'https://elise.vn/media/catalog/product/cache/f677d7e3a5087b6a18a5b1f320b78594/f/f/ff2308213dmwobk.jpg'}
elise_57137,57137,ff2309025tlorwh,https://elise.vn/sm-to-trang-buoc-no-co-vien-ren-ff2309025tlorwh.html,SM TƠ TRẮNG BUỘC NƠ CỔ VIỀN REN,1.198.000 VND,{'001_SM TƠ TRẮNG BUỘC NƠ CỔ VIỀN REN': 'https://elise.vn/media/catalog/product/cache/f677d7e3a5087b6a18a5b1f320b78594/f/f/ff2309025tlorwh2.jpg'}
elise_57132,57132,fs2401215bpwobk,https://elise.vn/quan-baggy-tafta-den-gan-giua-fs2401215bpwobk.html,QUẦN BAGGY TAFTA ĐEN GÂN GIỮA,1.198.000 VND,{'001_QUẦN BAGGY TAFTA ĐEN GÂN GIỮA': 'https://elise.vn/media/catalog/product/cache/f677d7e3a5087b6a18a5b1f320b78594/f/s/fs2401215bpwobk4.jpg'}
elise_57127,57127,fs2401040bkwobk,https://elise.vn/jupe-dai-den-tui-cheo-fs2401040bkwobk.html,JUPE DÀI ĐEN TÚI CHÉO,1.198.000 VND,{'001_JUPE DÀI ĐEN TÚI CHÉO': 'https://elise.vn/media/catalog/product/cache/f677d7e3a5087b6a18a5b1f320b78594/f/s/fs2401040bkwobk.jpg'}
elise_57117,57117,fs2401243tuwobe,https://elise.vn/vest-ngan-tay-be-nhat-fs2401243tuwobe.html,VEST NGẮN TAY BE NHẠT,1.698.000 VND,{'001_VEST NGẮN TAY BE NHẠT': 'https://elise.vn/media/catalog/product/cache/f677d7e3a5087b6a18a5b1f320b78594/f/s/fs2401243tuwobe4.jpg'}
elise_57112,57112,fs2401244bpwobe,https://elise.vn/quan-baggy-be-nhat-tui-suon-fs2401244bpwobe.html,QUẦN BAGGY BE NHẠT TÚI SƯỜN,1.198.000 VND,{'001_QUẦN BAGGY BE NHẠT TÚI SƯỜN': 'https://elise.vn/media/catalog/product/cache/f677d7e3a5087b6a18a5b1f320b78594/f/s/fs2401244bpwobe4.jpg'}
elise_57107,57107,fs2312139bswobk,https://elise.vn/quan-sooc-tafta-den-lo-ve-gau-fs2312139bswobk.html,QUẦN SOOC TAFTA ĐEN LƠ VÊ GẤU,1.098.000 VND,{'001_QUẦN SOOC TAFTA ĐEN LƠ VÊ GẤU': 'https://elise.vn/media/catalog/product/cache/f677d7e3a5087b6a18a5b1f320b78594/f/s/fs2312139bswobk.jpg'}
elise_57097,57097,fs2401209tskcwh,https://elise.vn/ao-thun-trang-no-ngang-vai-fs2401209tskcwh.html,ÁO THUN TRẮNG NƠ NGANG VAI,798.000 VND,{'001_ÁO THUN TRẮNG NƠ NGANG VAI': 'https://elise.vn/media/catalog/product/cache/f677d7e3a5087b6a18a5b1f320b78594/f/s/fs2401209tskcwh1.jpg'}
elise_57092,57092,fs2312159bkwobk,https://elise.vn/chan-vay-den-dap-ly-to-fs2312159bkwobk.html,CHÂN VÁY ĐEN DẬP LY TO,1.398.000 VND,{'001_CHÂN VÁY ĐEN DẬP LY TO': 'https://elise.vn/media/catalog/product/cache/f677d7e3a5087b6a18a5b1f320b78594/f/s/fs2312159bkwobk1.jpg'}
elise_57087,57087,fs2312112bpwobk,https://elise.vn/quan-suong-den-khoa-sau-fs2312112bpwobk.html,QUẦN SUÔNG ĐEN KHÓA SAU,1.098.000 VND,{'001_QUẦN SUÔNG ĐEN KHÓA SAU': 'https://elise.vn/media/catalog/product/cache/f677d7e3a5087b6a18a5b1f320b78594/f/s/fs2312112bpwobk1.jpg'}
elise_57082,57082,fs2401286tswobk,https://elise.vn/ao-vest-chiffon-den-fs2401286tswobk.html,ÁO VEST CHIFFON ĐEN,1.398.000 VND,{'001_ÁO VEST CHIFFON ĐEN': 'https://elise.vn/media/catalog/product/cache/f677d7e3a5087b6a18a5b1f320b78594/f/s/fs2401286tswobk1.jpg'}
elise_57077,57077,fs2401288tnsibk,https://elise.vn/ao-2-day-lua-den-fs2401288tnsibk.html,ÁO 2 DÂY LỤA ĐEN,698.000 VND,{'001_ÁO 2 DÂY LỤA ĐEN': 'https://elise.vn/media/catalog/product/cache/f677d7e3a5087b6a18a5b1f320b78594/f/s/fs2401288tnsibk3.jpg'}
elise_57072,57072,ff2309009tlorbk,https://elise.vn/so-mi-to-den-co-2-lop-kep-ren-ff2309009tlorbk.html,SƠ MI TƠ ĐEN CỔ 2 LỚP KẸP REN,1.098.000 VND,{'001_SƠ MI TƠ ĐEN CỔ 2 LỚP KẸP REN': 'https://elise.vn/media/catalog/product/cache/f677d7e3a5087b6a18a5b1f320b78594/f/f/ff2309009tlorbk1.jpg'}
elise_57067,57067,fs2401237bkwobr,https://elise.vn/jupe-dai-van-nau-xe-chong-xep-ly-fs2401237bkwobr.html,JUPE DÀI VÂN NÂU XẺ CHỒNG XẾP LY,1.298.000 VND,{'001_JUPE DÀI VÂN NÂU XẺ CHỒNG XẾP LY': 'https://elise.vn/media/catalog/product/cache/f677d7e3a5087b6a18a5b1f320b78594/f/s/fs2401237bkwobr1.jpg'}
elise_57062,57062,fs2401227bkwobk,https://elise.vn/jupe-den-xe-lech-dai-cap-fs2401227bkwobk.html,JUPE ĐEN XẺ LỆCH ĐAI CẠP,1.198.000 VND,{'001_JUPE ĐEN XẺ LỆCH ĐAI CẠP': 'https://elise.vn/media/catalog/product/cache/f677d7e3a5087b6a18a5b1f320b78594/f/s/fs2401227bkwobk.jpg'}
elise_57057,57057,fs2401236tnorbe,https://elise.vn/ao-to-nhan-be-sat-nach-co-gap-fs2401236tnorbe.html,ÁO TƠ NHĂN BE SÁT NÁCH CỔ GẬP,1.098.000 VND,{'001_ÁO TƠ NHĂN BE SÁT NÁCH CỔ GẬP': 'https://elise.vn/media/catalog/product/cache/f677d7e3a5087b6a18a5b1f320b78594/f/s/fs2401236tnorbe2.jpg'}
elise_57052,57052,ff2307149tlorwh,https://elise.vn/ff2307149tlorwh.html,SM TƠ TRẮNG BÈO THÂN KẸP REN,1.298.000 VND,{'001_SM TƠ TRẮNG BÈO THÂN KẸP REN': 'https://elise.vn/media/catalog/product/cache/f677d7e3a5087b6a18a5b1f320b78594/f/f/ff2307149tlorwh2.jpg'}
elise_57047,57047,fs2312141diwopy,https://elise.vn/dam-voan-hoa-vang-duoi-mullet-fs2312141diwopy.html,ĐẦM VOAN HOA VÀNG ĐUÔI MULLET,2.198.000 VND,{'001_ĐẦM VOAN HOA VÀNG ĐUÔI MULLET': 'https://elise.vn/media/catalog/product/cache/f677d7e3a5087b6a18a5b1f320b78594/f/s/fs2312141diwopy3.jpg'}
elise_57042,57042,fs2401041dxwopt,https://elise.vn/dam-chiffon-2-day-no-ht-vang-fs2401041dxwopt.html,ĐẦM CHIFFON 2 DÂY NƠ HT VÀNG,2.098.000 VND,{'001_ĐẦM CHIFFON 2 DÂY NƠ HT VÀNG': 'https://elise.vn/media/catalog/product/cache/f677d7e3a5087b6a18a5b1f320b78594/f/s/fs2401041dxwopt.jpg'}
elise_57037,57037,fs2401088bkwoge,https://elise.vn/cv-xanh-com-nhun-ly-dai-cap-fs2401088bkwoge.html,CV XANH CỐM NHÚN LY ĐAI CẠP,1.398.000 VND,{'001_CV XANH CỐM NHÚN LY ĐAI CẠP': 'https://elise.vn/media/catalog/product/cache/f677d7e3a5087b6a18a5b1f320b78594/f/s/fs2401088bkwoge3.jpg'}
elise_57032,57032,fs2401087tnwoge,https://elise.vn/ao-sat-nach-xanh-com-day-tet-fs2401087tnwoge.html,ÁO SÁT NÁCH XANH CỐM DÂY TẾT,1.098.000 VND,{'001_ÁO SÁT NÁCH XANH CỐM DÂY TẾT': 'https://elise.vn/media/catalog/product/cache/f677d7e3a5087b6a18a5b1f320b78594/f/s/fs2401087tnwoge3.jpg'}
elise_57027,57027,fs2401112diwopl,https://elise.vn/dam-voan-hoa-nen-xanh-tre-vai-fs2401112diwopl.html,ĐẦM VOAN HOA NỀN XANH TRỄ VAI,2.098.000 VND,{'001_ĐẦM VOAN HOA NỀN XANH TRỄ VAI': 'https://elise.vn/media/catalog/product/cache/f677d7e3a5087b6a18a5b1f320b78594/f/s/fs2401112diwopl3.jpg'}
elise_57022,57022,fs2401346diorpl,https://elise.vn/dam-to-xop-hoa-xanh-tay-phong-fs2401346diorpl.html,ĐẦM TƠ XỐP HOA XANH TAY PHỒNG,2.498.000 VND,{'001_ĐẦM TƠ XỐP HOA XANH TAY PHỒNG': 'https://elise.vn/media/catalog/product/cache/f677d7e3a5087b6a18a5b1f320b78594/f/s/fs2401346diorpl.jpg'}
elise_57017,57017,fs2401090dxwopt,https://elise.vn/dam-voan-hoa-nen-be-vang-fs2401090dxwopt.html,ĐẦM VOAN HOA NỀN BE VÀNG,2.098.000 VND,{'001_ĐẦM VOAN HOA NỀN BE VÀNG': 'https://elise.vn/media/catalog/product/cache/f677d7e3a5087b6a18a5b1f320b78594/f/s/fs2401090dxwopt1.jpg'}
elise_57012,57012,fs2401091dxwopt,https://elise.vn/dam-voan-ht-vang-xanh-fs2401091dxwopt.html,ĐẦM VOAN HT VÀNG XANH,2.298.000 VND,{'001_ĐẦM VOAN HT VÀNG XANH': 'https://elise.vn/media/catalog/product/cache/f677d7e3a5087b6a18a5b1f320b78594/f/s/fs2401091dxwopt1.jpg'}
elise_57007,57007,fs2401016dxwopg,https://elise.vn/dam-2-day-voan-hoa-xanh-la-chan-dap-ly-fs2401016dxwopg.html,ĐẦM 2 DÂY VOAN HOA XANH LÁ CHÂN DẬP LY,2.398.000 VND,{'001_ĐẦM 2 DÂY VOAN HOA XANH LÁ CHÂN DẬP LY': 'https://elise.vn/media/catalog/product/cache/f677d7e3a5087b6a18a5b1f320b78594/f/s/fs2401016dxwopg2.jpg'}
elise_57002,57002,fs2401113dxwopp,https://elise.vn/dam-voan-hoa-nen-hong-xep-tang-fs2401113dxwopp.html,ĐẦM VOAN HOA NỀN HỒNG XẾP TẦNG,2.198.000 VND,{'001_ĐẦM VOAN HOA NỀN HỒNG XẾP TẦNG': 'https://elise.vn/media/catalog/product/cache/f677d7e3a5087b6a18a5b1f320b78594/f/s/fs2401113dxwopp.jpg'}
elise_56997,56997,fs2401333bksiwh,https://elise.vn/chan-vay-lua-trang-beo-tang-fs2401333bksiwh.html,CHÂN VÁY LỤA TRẮNG BÈO TẦNG,1.398.000 VND,{'001_CHÂN VÁY LỤA TRẮNG BÈO TẦNG': 'https://elise.vn/media/catalog/product/cache/f677d7e3a5087b6a18a5b1f320b78594/f/s/fs2401333bksiwh.jpg'}
elise_56992,56992,fs2401343tnsiwh,https://elise.vn/ao-quay-lua-trang-fs2401343tnsiwh.html,ÁO QUÂY LỤA TRẮNG,798.000 VND,{'001_ÁO QUÂY LỤA TRẮNG': 'https://elise.vn/media/catalog/product/cache/f677d7e3a5087b6a18a5b1f320b78594/f/s/fs2401343tnsiwh4.jpg'}
elise_56982,56982,fs2312145bkwopt,https://elise.vn/cv-hoa-nen-be-tui-op-dai-cap-fs2312145bkwopt.html,CV HOA NỀN BE TÚI ỐP ĐAI CẠP,1.298.000 VND,{'001_CV HOA NỀN BE TÚI ỐP ĐAI CẠP': 'https://elise.vn/media/catalog/product/cache/f677d7e3a5087b6a18a5b1f320b78594/f/s/fs2312145bkwopt1.jpg'}
elise_56977,56977,fs2401008dxoryl,https://elise.vn/dam-2-day-to-ong-vang-dinh-hoa-nguc-fs2401008dxoryl.html,ĐẦM 2 DÂY TƠ ÓNG VÀNG ĐÍNH HOA NGỰC,2.098.000 VND,{'001_ĐẦM 2 DÂY TƠ ÓNG VÀNG ĐÍNH HOA NGỰC': 'https://elise.vn/media/catalog/product/cache/f677d7e3a5087b6a18a5b1f320b78594/f/s/fs2401008dxoryl.jpg'}
elise_56972,56972,fs2312143diorge,https://elise.vn/dam-to-xanh-com-beo-gau-dai-eo-fs2312143diorge.html,ĐẦM TƠ XANH CỐM BÈO GẤU ĐAI EO,2.098.000 VND,{'001_ĐẦM TƠ XANH CỐM BÈO GẤU ĐAI EO': 'https://elise.vn/media/catalog/product/cache/f677d7e3a5087b6a18a5b1f320b78594/f/s/fs2312143diorge3.jpg'}
elise_56967,56967,fs2312144dmwopt,https://elise.vn/dam-voan-hoa-hong-nen-be-beo-gau-fs2312144dmwopt.html,ĐẦM VOAN HOA HỒNG NỀN BE BÈO GẤU,2.098.000 VND,{'001_ĐẦM VOAN HOA HỒNG NỀN BE BÈO GẤU': 'https://elise.vn/media/catalog/product/cache/f677d7e3a5087b6a18a5b1f320b78594/f/s/fs2312144dmwopt1.jpg'}
elise_56962,56962,fs2312113dxwopt,https://elise.vn/dam-voan-hoa-tim-sn-beo-gau-fs2312113dxwopt.html,ĐẦM VOAN HOA TÍM SN BÈO GẤU,2.198.000 VND,{'001_ĐẦM VOAN HOA TÍM SN BÈO GẤU': 'https://elise.vn/media/catalog/product/cache/f677d7e3a5087b6a18a5b1f320b78594/f/s/fs2312113dxwopt.jpg'}
elise_56949,56949,ff2309056tlorwh,https://elise.vn/sm-to-trang-co-duc-dinh-hoa-ff2309056tlorwh.html,SM TƠ TRẮNG CỔ ĐỨC ĐÍNH HOA,1.298.000 VND,{'001_SM TƠ TRẮNG CỔ ĐỨC ĐÍNH HOA': 'https://elise.vn/media/catalog/product/cache/f677d7e3a5087b6a18a5b1f320b78594/f/f/ff2309056tlorwh.jpg'}
elise_56944,56944,fs2312021bkwobk,https://elise.vn/jupe-but-chi-den-xe-sau-fs2312021bkwobk.html,JUPE BÚT CHÌ ĐEN XẺ SAU,1.098.000 VND,{'001_JUPE BÚT CHÌ ĐEN XẺ SAU': 'https://elise.vn/media/catalog/product/cache/f677d7e3a5087b6a18a5b1f320b78594/f/s/fs2312021bkwobk3.jpg'}
elise_56939,56939,fs2312029tlorwh,https://elise.vn/sm-to-trang-tui-nguc-theu-hoa-fs2312029tlorwh.html,SM TƠ TRẮNG TÚI NGỰC THÊU HOA,1.398.000 VND,{'001_SM TƠ TRẮNG TÚI NGỰC THÊU HOA': 'https://elise.vn/media/catalog/product/cache/f677d7e3a5087b6a18a5b1f320b78594/f/s/fs2312029tlorwh2.jpg'}
elise_56934,56934,fs2403020bswopk,https://elise.vn/quan-sooc-hong-cam-ly-giua-fs2403020bswopk.html,QUẦN SOOC HỒNG CAM LY GIỮA,1.098.000 VND,{'001_QUẦN SOOC HỒNG CAM LY GIỮA': 'https://elise.vn/media/catalog/product/cache/f677d7e3a5087b6a18a5b1f320b78594/f/s/fs2403020bswopk.jpg'}
elise_56929,56929,fs2312057tswowh,https://elise.vn/sm-trang-tui-nguc-theu-hoa-fs2312057tswowh.html,SM TRẮNG TÚI NGỰC THÊU HOA,1.198.000 VND,{'001_SM TRẮNG TÚI NGỰC THÊU HOA': 'https://elise.vn/media/catalog/product/cache/f677d7e3a5087b6a18a5b1f320b78594/f/s/fs2312057tswowh14.jpg'}
elise_56924,56924,fs2312058bkwowh,https://elise.vn/jupe-trang-dai-dieu-chi-sau-fs2312058bkwowh.html,JUPE TRẮNG DÀI DIỄU CHỈ SAU,1.298.000 VND,{'001_JUPE TRẮNG DÀI DIỄU CHỈ SAU': 'https://elise.vn/media/catalog/product/cache/f677d7e3a5087b6a18a5b1f320b78594/f/s/fs2312058bkwowh12.jpg'}
elise_56919,56919,fs2312054tswowh,https://elise.vn/ao-peplum-trang-theu-hoa-to-nguc-fs2312054tswowh.html,ÁO PEPLUM TRẮNG THÊU HOA TƠ NGỰC,1.498.000 VND,{'001_ÁO PEPLUM TRẮNG THÊU HOA TƠ NGỰC': 'https://elise.vn/media/catalog/product/cache/f677d7e3a5087b6a18a5b1f320b78594/f/s/fs2312054tswowh3.jpg'}
elise_56914,56914,fs2312055bpwowh,https://elise.vn/quan-baggy-trang-ly-giua-fs2312055bpwowh.html,QUẦN BAGGY TRẮNG LY GIỮA,1.198.000 VND,{'001_QUẦN BAGGY TRẮNG LY GIỮA': 'https://elise.vn/media/catalog/product/cache/f677d7e3a5087b6a18a5b1f320b78594/f/s/fs2312055bpwowh1.jpg'}
elise_56909,56909,fs2312134dmwopk,https://elise.vn/dam-soi-hong-phan-theu-hoa-fs2312134dmwopk.html,ĐẦM SỢI HỒNG PHẤN THÊU HOA,2.298.000 VND,{'001_ĐẦM SỢI HỒNG PHẤN THÊU HOA': 'https://elise.vn/media/catalog/product/cache/f677d7e3a5087b6a18a5b1f320b78594/f/s/fs2312134dmwopk.jpg'}
elise_56904,56904,fs2311015tnwowh,https://elise.vn/ao-van-trang-sat-nach-theu-hoa-nguc-fs2311015tnwowh.html,ÁO VÂN TRẮNG SÁT NÁCH THÊU HOA NGỰC,1.198.000 VND,{'001_ÁO VÂN TRẮNG SÁT NÁCH THÊU HOA NGỰC': 'https://elise.vn/media/catalog/product/cache/f677d7e3a5087b6a18a5b1f320b78594/f/s/fs2311015tnwowh1.jpg'}
elise_56899,56899,ff2308044bkwobk,https://elise.vn/jupe-tafta-den-cuc-tet-dinh-cuom-ff2308044bkwobk.html,JUPE TAFTA ĐEN CÚC TẾT ĐÍNH CƯỜM,1.398.000 VND,{'001_JUPE TAFTA ĐEN CÚC TẾT ĐÍNH CƯỜM': 'https://elise.vn/media/catalog/product/cache/f677d7e3a5087b6a18a5b1f320b78594/f/f/ff2308044bkwobk1.jpg'}
elise_56879,56879,fs2312118tswowh,https://elise.vn/sm-tho-trang-co-duc-theu-hoa-nguc-fs2312118tswowh.html,SM THÔ TRẮNG CỔ ĐỨC THÊU HOA NGỰC,1.198.000 VND,{'001_SM THÔ TRẮNG CỔ ĐỨC THÊU HOA NGỰC': 'https://elise.vn/media/catalog/product/cache/f677d7e3a5087b6a18a5b1f320b78594/f/s/fs2312118tswowh11.jpg'}
elise_56874,56874,fs2312023bkorpk,https://elise.vn/cv-to-tim-dam-xep-ly-sup-fs2312023bkorpk.html,CV TƠ TÍM ĐẬM XẾP LY SÚP,1.398.000 VND,{'001_CV TƠ TÍM ĐẬM XẾP LY SÚP': 'https://elise.vn/media/catalog/product/cache/f677d7e3a5087b6a18a5b1f320b78594/f/s/fs2312023bkorpk.jpg'}
elise_56869,56869,fs2312022tsorpk,https://elise.vn/sm-to-tim-dam-tay-phong-theu-hoa-fs2312022tsorpk.html,SM TƠ TÍM ĐẬM TAY PHỒNG THÊU HOA,1.298.000 VND,{'001_SM TƠ TÍM ĐẬM TAY PHỒNG THÊU HOA': 'https://elise.vn/media/catalog/product/cache/f677d7e3a5087b6a18a5b1f320b78594/f/s/fs2312022tsorpk.jpg'}
elise_56864,56864,fs2312032bkwopk,https://elise.vn/chan-vay-hong-phan-dap-ly-fs2312032bkwopk.html,CHÂN VÁY HỒNG PHẤN DẬP LY,1.398.000 VND,{'001_CHÂN VÁY HỒNG PHẤN DẬP LY': 'https://elise.vn/media/catalog/product/cache/f677d7e3a5087b6a18a5b1f320b78594/f/s/fs2312032bkwopk.jpg'}
elise_56859,56859,fs2312031tskcpw,https://elise.vn/ao-thun-trang-theu-hoa-tra-fs2312031tskcpw.html,ÁO THUN TRẮNG THÊU HOA TRÀ,698.000 VND,{'001_ÁO THUN TRẮNG THÊU HOA TRÀ': 'https://elise.vn/media/catalog/product/cache/f677d7e3a5087b6a18a5b1f320b78594/f/s/fs2312031tskcpw3.jpg'}
elise_56854,56854,fs2312027diwobk,https://elise.vn/dam-den-dieu-chi-theu-hoa-nguc-fs2312027diwobk.html,ĐẦM ĐEN DIỄU CHỈ THÊU HOA NGỰC,2.298.000 VND,{'001_ĐẦM ĐEN DIỄU CHỈ THÊU HOA NGỰC': 'https://elise.vn/media/catalog/product/cache/f677d7e3a5087b6a18a5b1f320b78594/f/s/fs2312027diwobk.jpg'}
elise_56849,56849,fs2401097dxsiyl,https://elise.vn/dam-yem-lua-vang-nhun-eo-fs2401097dxsiyl.html,ĐẦM YẾM LỤA VÀNG NHÚN EO,2.298.000 VND,{'001_ĐẦM YẾM LỤA VÀNG NHÚN EO': 'https://elise.vn/media/catalog/product/cache/f677d7e3a5087b6a18a5b1f320b78594/f/s/fs2401097dxsiyl.jpg'}
elise_56844,56844,fs2312056dxsibk,https://elise.vn/dam-yem-lua-den-nhun-eo-fs2312056dxsibk.html,ĐẦM YẾM LỤA ĐEN NHÚN EO,2.298.000 VND,{'001_ĐẦM YẾM LỤA ĐEN NHÚN EO': 'https://elise.vn/media/catalog/product/cache/f677d7e3a5087b6a18a5b1f320b78594/f/s/fs2312056dxsibk.jpg'}
elise_56839,56839,fs2401096diwobk,https://elise.vn/dam-suong-den-tay-to-theu-hoa-nguc-fs2401096diwobk.html,ĐẦM SUÔNG ĐEN TAY TƠ THÊU HOA NGỰC,2.098.000 VND,{'001_ĐẦM SUÔNG ĐEN TAY TƠ THÊU HOA NGỰC': 'https://elise.vn/media/catalog/product/cache/f677d7e3a5087b6a18a5b1f320b78594/f/s/fs2401096diwobk.jpg'}
elise_56834,56834,fs2312086diwowh,https://elise.vn/dam-suong-trang-tay-to-theu-hoa-nguc-fs2312086diwowh.html,ĐẦM SUÔNG TRẮNG TAY TƠ THÊU HOA NGỰC,2.098.000 VND,{'001_ĐẦM SUÔNG TRẮNG TAY TƠ THÊU HOA NGỰC': 'https://elise.vn/media/catalog/product/cache/f677d7e3a5087b6a18a5b1f320b78594/f/s/fs2312086diwowh1.jpg'}
elise_56829,56829,fs2312050bpwobk,https://elise.vn/quan-suong-den-dieu-chi-trang-fs2312050bpwobk.html,QUẦN SUÔNG ĐEN DIỄU CHỈ TRẮNG,1.298.000 VND,{'001_QUẦN SUÔNG ĐEN DIỄU CHỈ TRẮNG': 'https://elise.vn/media/catalog/product/cache/f677d7e3a5087b6a18a5b1f320b78594/f/s/fs2312050bpwobk1.jpg'}
elise_56824,56824,fs2312033tskcbk,https://elise.vn/ao-thun-den-theu-hoa-dinh-logo-fs2312033tskcbk.html,ÁO THUN ĐEN THÊU HOA ĐÍNH LOGO,698.000 VND,{'001_ÁO THUN ĐEN THÊU HOA ĐÍNH LOGO': 'https://elise.vn/media/catalog/product/cache/f677d7e3a5087b6a18a5b1f320b78594/f/s/fs2312033tskcbk.jpg'}
elise_56819,56819,fs2312138tsorbl,https://elise.vn/sm-to-nhan-xanh-ghi-xep-ly-nguc-fs2312138tsorbl.html,SM TƠ NHĂN XANH GHI XẾP LY NGỰC,1.098.000 VND,{'001_SM TƠ NHĂN XANH GHI XẾP LY NGỰC': 'https://elise.vn/media/catalog/product/cache/f677d7e3a5087b6a18a5b1f320b78594/f/s/fs2312138tsorbl1_1.jpg'}
elise_56814,56814,fs2311068tlsipl,https://elise.vn/sm-lua-xanh-cham-bi-dinh-trai-fs2311068tlsipl.html,SM LỤA XANH CHẤM BI ĐÍNH TRAI,1.098.000 VND,{'001_SM LỤA XANH CHẤM BI ĐÍNH TRAI': 'https://elise.vn/media/catalog/product/cache/f677d7e3a5087b6a18a5b1f320b78594/f/s/fs2311068tlsipl2.jpg'}
elise_56809,56809,ff2306197bksibe,https://elise.vn/chan-vay-lua-be-dap-ly-2-ben-suon-ff2306197bksibe.html,CHÂN VÁY LỤA BE DẬP LY 2 BÊN SƯỜN,1.298.000 VND,{'001_CHÂN VÁY LỤA BE DẬP LY 2 BÊN SƯỜN': 'https://elise.vn/media/catalog/product/cache/f677d7e3a5087b6a18a5b1f320b78594/f/f/ff2306197bksibe.jpg'}
elise_56804,56804,ff2306196tnsibe,https://elise.vn/sm-lua-be-tay-chom-co-vest-ff2306196tnsibe.html,SM LỤA BE TAY CHỜM CỔ VEST,1.198.000 VND,{'001_SM LỤA BE TAY CHỜM CỔ VEST': 'https://elise.vn/media/catalog/product/cache/f677d7e3a5087b6a18a5b1f320b78594/f/f/ff2306196tnsibe.jpg'}
elise_56799,56799,fs2311081tlsipu,https://elise.vn/sm-lua-tim-ht-no-buoc-day-fs2311081tlsipu.html,SM LỤA TÍM HT NƠ BUỘC DÂY,1.098.000 VND,{'001_SM LỤA TÍM HT NƠ BUỘC DÂY': 'https://elise.vn/media/catalog/product/cache/f677d7e3a5087b6a18a5b1f320b78594/f/s/fs2311081tlsipu3.jpg'}
elise_56794,56794,ff2307206bkwowh,https://elise.vn/jupe-tafta-trang-xe-lech-ff2307206bkwowh.html,JUPE TAFTA TRẮNG XẺ LỆCH,1.298.000 VND,{'001_JUPE TAFTA TRẮNG XẺ LỆCH': 'https://elise.vn/media/catalog/product/cache/f677d7e3a5087b6a18a5b1f320b78594/f/f/ff2307206bkwowh_1.jpg'}
elise_56789,56789,ff2311041tsoryl,https://elise.vn/sm-to-vang-dinh-hoa-ff2311041tsoryl.html,SM TƠ VÀNG ĐÍNH HOA,1.298.000 VND,{'001_SM TƠ VÀNG ĐÍNH HOA': 'https://elise.vn/media/catalog/product/cache/f677d7e3a5087b6a18a5b1f320b78594/f/f/ff2311041tsoryl1_1.jpg'}
elise_56784,56784,ff2308168bkwocr,https://elise.vn/cv-van-trang-kem-cap-lien-dap-ly-ben-ff2308168bkwocr.html,CV VÂN TRẮNG KEM CẠP LIỀN DẬP LY BÊN,1.298.000 VND,{'001_CV VÂN TRẮNG KEM CẠP LIỀN DẬP LY BÊN': 'https://elise.vn/media/catalog/product/cache/f677d7e3a5087b6a18a5b1f320b78594/f/f/ff2308168bkwocr2.jpg'}
elise_56779,56779,fs2311070tlsipg,https://elise.vn/sm-lua-xanh-com-ht-fs2311070tlsipg.html,SM LỤA XANH CỐM HT,1.098.000 VND,{'001_SM LỤA XANH CỐM HT': 'https://elise.vn/media/catalog/product/cache/f677d7e3a5087b6a18a5b1f320b78594/f/s/fs2311070tlsipg1_1.jpg'}
elise_56774,56774,fs2309018bkwowh,https://elise.vn/jupe-trang-xe-2-ben-dinh-cuc-fs2309018bkwowh.html,JUPE TRẮNG XẺ 2 BÊN ĐÍNH CÚC,1.198.000 VND,{'001_JUPE TRẮNG XẺ 2 BÊN ĐÍNH CÚC': 'https://elise.vn/media/catalog/product/cache/f677d7e3a5087b6a18a5b1f320b78594/f/s/fs2309018bkwowh_1.jpg'}
elise_56769,56769,ff2309019tlsibl,https://elise.vn/sm-lua-xanh-van-buoc-no-co-ff2309019tlsibl.html,SM LỤA XANH VÂN BUỘC NƠ CỔ,1.098.000 VND,{'001_SM LỤA XANH VÂN BUỘC NƠ CỔ': 'https://elise.vn/media/catalog/product/cache/f677d7e3a5087b6a18a5b1f320b78594/f/f/ff2309019tlsibl_1.jpg'}
elise_56764,56764,fs2312117diwobl,https://elise.vn/dam-soi-xanh-ngoc-xoan-hoa-co-fs2312117diwobl.html,ĐẦM SỢI XANH NGỌC XOẮN HOA CỔ,2.098.000 VND,{'001_ĐẦM SỢI XANH NGỌC XOẮN HOA CỔ': 'https://elise.vn/media/catalog/product/cache/f677d7e3a5087b6a18a5b1f320b78594/f/s/fs2312117diwobl_1.jpg'}
elise_56754,56754,fs2312038tnsipp,https://elise.vn/sm-lua-hong-ht-co-cheo-day-xich-fs2312038tnsipp.html,SM LỤA HỒNG HT CỔ CHÉO DÂY XÍCH,998.000 VND,{'001_SM LỤA HỒNG HT CỔ CHÉO DÂY XÍCH': 'https://elise.vn/media/catalog/product/cache/f677d7e3a5087b6a18a5b1f320b78594/f/s/fs2312038tnsipp3.jpg'}
elise_56749,56749,fs2312114bpwocr,https://elise.vn/quan-baggy-kem-tui-op-cap-fs2312114bpwocr.html,QUẦN BAGGY KEM TÚI ỐP CẠP,1.198.000 VND,{'001_QUẦN BAGGY KEM TÚI ỐP CẠP': 'https://elise.vn/media/catalog/product/cache/f677d7e3a5087b6a18a5b1f320b78594/f/s/fs2312114bpwocr1_1.jpg'}
elise_56744,56744,ff2309021tlorcr,https://elise.vn/sm-to-kem-phoi-co-dinh-hoa-long-ff2309021tlorcr.html,SM TƠ KEM PHỐI CỔ ĐÍNH HOA LÔNG,1.098.000 VND,{'001_SM TƠ KEM PHỐI CỔ ĐÍNH HOA LÔNG': 'https://elise.vn/media/catalog/product/cache/f677d7e3a5087b6a18a5b1f320b78594/f/f/ff2309021tlorcr3.jpg'}
elise_56739,56739,fs2312036jlwopu,https://elise.vn/jumpsuit-dai-soi-tim-dieu-chi-dai-eo-fs2312036jlwopu.html,JUMPSUIT DÀI SỢI TÍM DIỄU CHỈ ĐAI EO,2.298.000 VND,{'001_JUMPSUIT DÀI SỢI TÍM DIỄU CHỈ ĐAI EO': 'https://elise.vn/media/catalog/product/cache/f677d7e3a5087b6a18a5b1f320b78594/f/s/fs2312036jlwopu_1.jpg'}
elise_56734,56734,ff2307341bkwobe,https://elise.vn/jupe-but-chi-soi-be-dai-day-cap-ff2307341bkwobe.html,JUPE BÚT CHÌ SỢI BE ĐAI DÂY CẠP,1.198.000 VND,{'001_JUPE BÚT CHÌ SỢI BE ĐAI DÂY CẠP': 'https://elise.vn/media/catalog/product/cache/f677d7e3a5087b6a18a5b1f320b78594/f/f/ff2307341bkwobe_1.jpg'}
elise_56729,56729,fs2311075tlsipy,https://elise.vn/sm-lua-vang-cham-bi-co-lech-fs2311075tlsipy.html,SM LỤA VÀNG CHẤM BI CỔ LỆCH,1.098.000 VND,{'001_SM LỤA VÀNG CHẤM BI CỔ LỆCH': 'https://elise.vn/media/catalog/product/cache/f677d7e3a5087b6a18a5b1f320b78594/f/s/fs2311075tlsipy2.jpg'}
elise_56724,56724,ff2308134diwowh,https://elise.vn/dam-trang-tui-nguc-dai-eo-ff2308134diwowh.html,ĐẦM TRẮNG TÚI NGỰC ĐAI EO,2.098.000 VND,{'001_ĐẦM TRẮNG TÚI NGỰC ĐAI EO': 'https://elise.vn/media/catalog/product/cache/f677d7e3a5087b6a18a5b1f320b78594/f/f/ff2308134diwowh_1.jpg'}
elise_56719,56719,fs2312024diorpu,https://elise.vn/dam-to-nhan-tim-co-vest-tay-cape-fs2312024diorpu.html,ĐẦM TƠ NHĂN TÍM CỔ VEST TAY CAPE,2.298.000 VND,{'001_ĐẦM TƠ NHĂN TÍM CỔ VEST TAY CAPE': 'https://elise.vn/media/catalog/product/cache/f677d7e3a5087b6a18a5b1f320b78594/f/s/fs2312024diorpu_1.jpg'}
elise_56714,56714,fs2401163bkwopk,https://elise.vn/cv-hong-phan-xep-ly-fs2401163bkwopk.html,CV HỒNG PHẤN XẾP LY,1.298.000 VND,{'001_CV HỒNG PHẤN XẾP LY': 'https://elise.vn/media/catalog/product/cache/f677d7e3a5087b6a18a5b1f320b78594/f/s/fs2401163bkwopk_1.jpg'}
elise_56709,56709,fs2401162tlsipp,https://elise.vn/sm-lua-hong-cham-bi-nhun-ly-co-fs2401162tlsipp.html,SM LỤA HỒNG CHẤM BI NHÚN LY CỔ,1.098.000 VND,{'001_SM LỤA HỒNG CHẤM BI NHÚN LY CỔ': 'https://elise.vn/media/catalog/product/cache/f677d7e3a5087b6a18a5b1f320b78594/f/s/fs2401162tlsipp_1.jpg'}
elise_56641,56641,fs2311097diorpb,https://elise.vn/dam-to-hoa-nen-den-co-vest-tay-phong-fs2311097diorpb.html,ĐẦM TƠ HOA NỀN ĐEN CỔ VEST TAY PHỒNG,2.098.000 VND,{'001_ĐẦM TƠ HOA NỀN ĐEN CỔ VEST TAY PHỒNG': 'https://elise.vn/media/catalog/product/cache/f677d7e3a5087b6a18a5b1f320b78594/f/s/fs2311097diorpb.jpg'}
elise_56636,56636,ff2309052tswoge,https://elise.vn/ao-xuoc-xanh-com-day-xich-vai-lech-ff2309052tswoge.html,ÁO XƯỚC XANH CỐM DÂY XÍCH VAI LỆCH,1.098.000 VND,{'001_ÁO XƯỚC XANH CỐM DÂY XÍCH VAI LỆCH': 'https://elise.vn/media/catalog/product/cache/f677d7e3a5087b6a18a5b1f320b78594/f/f/ff2309052tswoge2.jpg'}
elise_56631,56631,ff2309053bpwoge,https://elise.vn/quan-suong-xuoc-xanh-com-cap-lien-ff2309053bpwoge.html,QUẦN SUÔNG XƯỚC XANH CỐM CẠP LIỀN,1.298.000 VND,{'001_QUẦN SUÔNG XƯỚC XANH CỐM CẠP LIỀN': 'https://elise.vn/media/catalog/product/cache/f677d7e3a5087b6a18a5b1f320b78594/f/f/ff2309053bpwoge1.jpg'}
elise_56626,56626,fs2311085dmwobl,https://elise.vn/dam-xanh-van-cheo-xoan-no-co-fs2311085dmwobl.html,ĐẦM XANH VÂN CHÉO XOẮN NƠ CỔ,2.098.000 VND,{'001_ĐẦM XANH VÂN CHÉO XOẮN NƠ CỔ': 'https://elise.vn/media/catalog/product/cache/f677d7e3a5087b6a18a5b1f320b78594/f/s/fs2311085dmwobl.jpg'}
elise_56621,56621,ff2308153tlsicr,https://elise.vn/sm-lua-kem-phoi-ren-trang-tri-ff2308153tlsicr.html,SM LỤA KEM PHỐI REN TRANG TRÍ,1.098.000 VND,{'001_SM LỤA KEM PHỐI REN TRANG TRÍ': 'https://elise.vn/media/catalog/product/cache/f677d7e3a5087b6a18a5b1f320b78594/f/f/ff2308153tlsicr3.jpg'}
elise_56616,56616,fs2312150bkwobk,https://elise.vn/jupe-den-beo-2-ben-no-cap-fs2312150bkwobk.html,JUPE ĐEN BÈO 2 BÊN NƠ CẠP,1.098.000 VND,{'001_JUPE ĐEN BÈO 2 BÊN NƠ CẠP': 'https://elise.vn/media/catalog/product/cache/f677d7e3a5087b6a18a5b1f320b78594/f/s/fs2312150bkwobk.jpg'}
elise_56611,56611,ff2308015bkwobr,https://elise.vn/jupe-tweed-be-nau-cap-xoan-ff2308015bkwobr.html,JUPE TWEED BE NÂU CẠP XOẮN,1.198.000 VND,{'001_JUPE TWEED BE NÂU CẠP XOẮN': 'https://elise.vn/media/catalog/product/cache/f677d7e3a5087b6a18a5b1f320b78594/f/f/ff2308015bkwobr.jpg'}
elise_56606,56606,ff2306152tsorbe,https://elise.vn/sm-to-be-bau-mi-than-khan-lua-ff2306152tsorbe.html,SM TƠ BE BẤU MÍ THÂN KHĂN LỤA,1.198.000 VND,{'001_SM TƠ BE BẤU MÍ THÂN KHĂN LỤA': 'https://elise.vn/media/catalog/product/cache/f677d7e3a5087b6a18a5b1f320b78594/f/f/ff2306152tsorbe.jpg'}
elise_56601,56601,fs2401176bkwopk,https://elise.vn/jupe-hong-phan-dai-buoc-day-lua-fs2401176bkwopk.html,JUPE HỒNG PHẤN ĐAI BUỘC DÂY LỤA,1.398.000 VND,{'001_JUPE HỒNG PHẤN ĐAI BUỘC DÂY LỤA': 'https://elise.vn/media/catalog/product/cache/f677d7e3a5087b6a18a5b1f320b78594/f/s/fs2401176bkwopk.jpg'}
elise_56596,56596,fs2401175tvwopk,https://elise.vn/gile-hong-phan-dinh-hoa-fs2401175tvwopk.html,GILE HỒNG PHẤN ĐÍNH HOA,1.398.000 VND,{'001_GILE HỒNG PHẤN ĐÍNH HOA': 'https://elise.vn/media/catalog/product/cache/f677d7e3a5087b6a18a5b1f320b78594/f/s/fs2401175tvwopk.jpg'}
elise_56591,56591,fs2312051dmwobk,https://elise.vn/dam-den-co-vest-xep-nhun-eo-fs2312051dmwobk.html,ĐẦM ĐEN CỔ VEST XẾP NHÚN EO,2.298.000 VND,{'001_ĐẦM ĐEN CỔ VEST XẾP NHÚN EO': 'https://elise.vn/media/catalog/product/cache/f677d7e3a5087b6a18a5b1f320b78594/f/s/fs2312051dmwobk1.jpg'}
elise_56586,56586,ff2309160diword,https://elise.vn/dam-van-do-xoan-vai-dai-eo-ff2309160diword.html,ĐẦM VÂN ĐỎ XOẮN VAI ĐAI EO,2.098.000 VND,{'001_ĐẦM VÂN ĐỎ XOẮN VAI ĐAI EO': 'https://elise.vn/media/catalog/product/cache/f677d7e3a5087b6a18a5b1f320b78594/f/f/ff2309160diword.jpg'}
elise_56581,56581,fs2312044diword,https://elise.vn/dam-do-tay-doi-chan-xep-beo-fs2312044diword.html,ĐẦM ĐỎ TAY DƠI CHÂN XẾP BÈO,2.298.000 VND,{'001_ĐẦM ĐỎ TAY DƠI CHÂN XẾP BÈO': 'https://elise.vn/media/catalog/product/cache/f677d7e3a5087b6a18a5b1f320b78594/f/s/fs2312044diword.jpg'}
elise_56576,56576,ff2308114tnword,https://elise.vn/ao-do-dan-day-sau-ff2308114tnword.html,ÁO ĐỎ ĐAN DÂY SAU,1.098.000 VND,{'001_ÁO ĐỎ ĐAN DÂY SAU': 'https://elise.vn/media/catalog/product/cache/f677d7e3a5087b6a18a5b1f320b78594/f/f/ff2308114tnwocr3_1.jpg'}
elise_56571,56571,ff3208115bkword,https://elise.vn/jupe-do-xep-nhun-dinh-cuc-ff3208115bkword.html,JUPE ĐỎ XẾP NHÚN ĐÍNH CÚC,1.198.000 VND,{'001_JUPE ĐỎ XẾP NHÚN ĐÍNH CÚC': 'https://elise.vn/media/catalog/product/cache/f677d7e3a5087b6a18a5b1f320b78594/f/f/ff2308114tnwocr.jpg'}
elise_56561,56561,fs2312098bklabk,https://elise.vn/cv-luoi-den-xep-nhun-fs2312098bklabk.html,CV LƯỚI ĐEN XẾP NHÚN,1.298.000 VND,{'001_CV LƯỚI ĐEN XẾP NHÚN': 'https://elise.vn/media/catalog/product/cache/f677d7e3a5087b6a18a5b1f320b78594/f/s/fs2312098bklabk3.jpg'}
elise_56556,56556,fs2311071tlorbk,https://elise.vn/sm-to-den-dinh-hoa-fs2311071tlorbk.html,SM TƠ ĐEN ĐÍNH HOA,1.298.000 VND,{'001_SM TƠ ĐEN ĐÍNH HOA': 'https://elise.vn/media/catalog/product/cache/f677d7e3a5087b6a18a5b1f320b78594/f/s/fs2311071tlorbk3.jpg'}
elise_56551,56551,ff2306130bkwobe,https://elise.vn/jupe-tweed-mong-be-cap-lua-xep-ly-ff2306130bkwobe.html,JUPE TWEED MỎNG BE CẠP LỤA XẾP LY,1.398.000 VND,{'001_JUPE TWEED MỎNG BE CẠP LỤA XẾP LY': 'https://elise.vn/media/catalog/product/cache/f677d7e3a5087b6a18a5b1f320b78594/f/f/ff2306130bkwobe.jpg'}
elise_56546,56546,fs2401156tlorcr,https://elise.vn/sm-to-xop-kem-than-dinh-hoa-fs2401156tlorcr.html,SM TƠ XỐP KEM THÂN ĐÍNH HOA,1.398.000 VND,{'001_SM TƠ XỐP KEM THÂN ĐÍNH HOA': 'https://elise.vn/media/catalog/product/cache/f677d7e3a5087b6a18a5b1f320b78594/f/s/fs2401156tlorcr2.jpg'}
elise_56541,56541,fs2401002bkwobk,https://elise.vn/jupe-den-dai-buoc-day-lua-fs2401002bkwobk.html,JUPE ĐEN ĐAI BUỘC DÂY LỤA,1.398.000 VND,{'001_JUPE ĐEN ĐAI BUỘC DÂY LỤA': 'https://elise.vn/media/catalog/product/cache/f677d7e3a5087b6a18a5b1f320b78594/f/s/fs2401002bkwobk.jpg'}
elise_56536,56536,fs2401001tvwobk,https://elise.vn/gile-den-dinh-hoa-fs2401001tvwobk.html,GILE ĐEN ĐÍNH HOA,1.498.000 VND,{'001_GILE ĐEN ĐÍNH HOA': 'https://elise.vn/media/catalog/product/cache/f677d7e3a5087b6a18a5b1f320b78594/f/s/fs2401001tvwobk3.jpg'}
elise_56531,56531,fs2401003diwopk,https://elise.vn/dam-xoe-hong-phan-than-theu-bo-de-fs2401003diwopk.html,ĐẦM XÒE HỒNG PHẤN THÂN THÊU BÔ ĐÊ,2.298.000 VND,{'001_ĐẦM XÒE HỒNG PHẤN THÂN THÊU BÔ ĐÊ': 'https://elise.vn/media/catalog/product/cache/f677d7e3a5087b6a18a5b1f320b78594/f/s/fs2401003diwopk.jpg'}
elise_56526,56526,fs2312052diwobk,https://elise.vn/dam-den-phoi-to-cap-den-cheo-fs2312052diwobk.html,ĐẦM ĐEN PHỐI TƠ CẠP ĐEN CHÉO,2.098.000 VND,{'001_ĐẦM ĐEN PHỐI TƠ CẠP ĐEN CHÉO': 'https://elise.vn/media/catalog/product/cache/f677d7e3a5087b6a18a5b1f320b78594/f/s/fs2312052diwobk.jpg'}
elise_56521,56521,ff2308218diwobk,https://elise.vn/dam-den-phoi-to-xep-ly-vai-dinh-hoa-ff2308218diwobk.html,ĐẦM ĐEN PHỐI TƠ XẾP LY VAI ĐÍNH HOA,2.298.000 VND,{'001_ĐẦM ĐEN PHỐI TƠ XẾP LY VAI ĐÍNH HOA': 'https://elise.vn/media/catalog/product/cache/f677d7e3a5087b6a18a5b1f320b78594/f/f/ff2308218diwobk.jpg'}
elise_56512,56512,fs2312077bswoge,https://elise.vn/fs2312077bswoge.html,QUẦN SOOC SỢI XANH LÁ PHỦ VẠT,1.098.000 VND,{'001_QUẦN SOOC SỢI XANH LÁ PHỦ VẠT': 'https://elise.vn/media/catalog/product/cache/f677d7e3a5087b6a18a5b1f320b78594/f/s/fs2312077bswoge12.jpg'}
elise_56507,56507,fs2312082diwoyl,https://elise.vn/dam-soi-vang-sat-nach-co-xoan-no-fs2312082diwoyl.html,ĐẦM SỢI VÀNG SÁT NÁCH CỔ XOẮN NƠ,2.098.000 VND,{'001_ĐẦM SỢI VÀNG SÁT NÁCH CỔ XOẮN NƠ': 'https://elise.vn/media/catalog/product/cache/f677d7e3a5087b6a18a5b1f320b78594/f/s/fs2312080diwoyl.jpg'}
elise_56502,56502,fs2312121diwoyl,https://elise.vn/dam-vang-chan-xoe-dai-eo-fs2312121diwoyl.html,ĐẦM VÀNG CHÂN XÒE ĐAI EO,2.298.000 VND,{'001_ĐẦM VÀNG CHÂN XÒE ĐAI EO': 'https://elise.vn/media/catalog/product/cache/f677d7e3a5087b6a18a5b1f320b78594/f/s/fs2312121diwoyl1.jpg'}
elise_56497,56497,fs2312074dmwoyl,https://elise.vn/dam-tafta-vang-chanh-dinh-hoa-ly-fs2312074dmwoyl.html,ĐẦM TAFTA VÀNG CHANH ĐÍNH HOA LY,2.698.000 VND,{'001_ĐẦM TAFTA VÀNG CHANH ĐÍNH HOA LY': 'https://elise.vn/media/catalog/product/cache/f677d7e3a5087b6a18a5b1f320b78594/f/s/fs2312074dmwoyl1.jpg'}
elise_56492,56492,fs2312080diwoyl,https://elise.vn/dam-vang-xep-nhun-ly-eo-fs2312080diwoyl.html,ĐẦM VÀNG XẾP NHÚN LY EO,2.298.000 VND,{'001_ĐẦM VÀNG XẾP NHÚN LY EO': 'https://elise.vn/media/catalog/product/cache/f677d7e3a5087b6a18a5b1f320b78594/f/s/fs2312082diwoyl_1.jpg'}
elise_56482,56482,fs2312076tskcwh,https://elise.vn/ao-thun-trang-in-hoa-ly-fs2312076tskcwh.html,ÁO THUN TRẮNG IN HOA LY,648.000 VND,{'001_ÁO THUN TRẮNG IN HOA LY': 'https://elise.vn/media/catalog/product/cache/f677d7e3a5087b6a18a5b1f320b78594/f/s/fs2312076tskcwh13.jpg'}
elise_56477,56477,fs2312125diwopt,https://elise.vn/dam-gam-hoa-ly-nen-be-xep-ly-cheo-fs2312125diwopt.html,ĐẦM GẤM HOA LY NỀN BE XẾP LY CHÉO,2.498.000 VND,{'001_ĐẦM GẤM HOA LY NỀN BE XẾP LY CHÉO': 'https://elise.vn/media/catalog/product/cache/f677d7e3a5087b6a18a5b1f320b78594/f/s/fs2312125diwopt1.jpg'}
elise_56472,56472,fs2312127bkwopt,https://elise.vn/jupe-gam-hoa-ly-nen-be-xep-ly-cheo-fs2312127bkwopt.html,JUPE GẤM HOA LY NỀN BE XẾP LY CHÉO,1.198.000 VND,{'001_JUPE GẤM HOA LY NỀN BE XẾP LY CHÉO': 'https://elise.vn/media/catalog/product/cache/f677d7e3a5087b6a18a5b1f320b78594/f/s/fs2312127bkwopt3.jpg'}
elise_56467,56467,fs2312068tlsiyl,https://elise.vn/sm-lua-vang-co-duc-fs2312068tlsiyl.html,SM LỤA VÀNG CỔ ĐỨC,1.098.000 VND,{'001_SM LỤA VÀNG CỔ ĐỨC': 'https://elise.vn/media/catalog/product/cache/f677d7e3a5087b6a18a5b1f320b78594/f/s/fs2312068tlsiyl1.jpg'}
elise_56462,56462,fs2312123bkorpt,https://elise.vn/cv-to-hoa-ly-nen-be-fs2312123bkorpt.html,CV TƠ HOA LY NỀN BE,1.398.000 VND,{'001_CV TƠ HOA LY NỀN BE': 'https://elise.vn/media/catalog/product/cache/f677d7e3a5087b6a18a5b1f320b78594/f/s/fs2312123bkorpt2.jpg'}
elise_56457,56457,fs2312126tlorpt,https://elise.vn/sm-to-hoa-ly-nen-be-nhun-ly-co-fs2312126tlorpt.html,SM TƠ HOA LY NỀN BE NHÚN LY CỔ,1.198.000 VND,{'001_SM TƠ HOA LY NỀN BE NHÚN LY CỔ': 'https://elise.vn/media/catalog/product/cache/f677d7e3a5087b6a18a5b1f320b78594/f/s/fs2312126tlorpt2.jpg'}
elise_56452,56452,fs2312090bpwocr,https://elise.vn/quan-dai-kem-coi-tui-dinh-logo-fs2312090bpwocr.html,QUẦN DÀI KEM CƠI TÚI ĐÍNH LOGO,1.098.000 VND,{'001_QUẦN DÀI KEM CƠI TÚI ĐÍNH LOGO': 'https://elise.vn/media/catalog/product/cache/f677d7e3a5087b6a18a5b1f320b78594/f/s/fs2312090bpwocr2.jpg'}
elise_56447,56447,fs2312157tnsipt,https://elise.vn/sm-lua-hoa-ly-nen-be-xoan-co-fs2312157tnsipt.html,SM LỤA HOA LY NỀN BE XOẮN CỔ,1.098.000 VND,{'001_SM LỤA HOA LY NỀN BE XOẮN CỔ': 'https://elise.vn/media/catalog/product/cache/f677d7e3a5087b6a18a5b1f320b78594/f/s/fs2312157tnsipt.jpg'}
elise_56442,56442,fs2312077bswobl,https://elise.vn/quan-sooc-soi-xanh-bien-phu-vat-fs2312077bswobl.html,QUẦN SOOC SỢI XANH BIỂN PHỦ VẠT,1.098.000 VND,{'001_QUẦN SOOC SỢI XANH BIỂN PHỦ VẠT': 'https://elise.vn/media/catalog/product/cache/f677d7e3a5087b6a18a5b1f320b78594/f/s/fs2312077bswobl.jpg'}
elise_56437,56437,fs2401106tsorwh,https://elise.vn/sm-to-nhan-trang-xep-beo-nguc-fs2401106tsorwh.html,SM TƠ NHĂN TRẮNG XẾP BÈO NGỰC,1.198.000 VND,{'001_SM TƠ NHĂN TRẮNG XẾP BÈO NGỰC': 'https://elise.vn/media/catalog/product/cache/f677d7e3a5087b6a18a5b1f320b78594/f/s/fs2401106tsorwh.jpg'}
elise_56432,56432,fs2312066bkwoge,https://elise.vn/jupe-xanh-la-dinh-hoa-ly-fs2312066bkwoge.html,JUPE XANH LÁ ĐÍNH HOA LY,1.498.000 VND,{'001_JUPE XANH LÁ ĐÍNH HOA LY': 'https://elise.vn/media/catalog/product/cache/f677d7e3a5087b6a18a5b1f320b78594/f/s/fs2312066bkwoge.jpg'}
elise_56427,56427,fs2312067tsorge,https://elise.vn/sm-to-xanh-xep-beo-nguc-fs2312067tsorge.html,SM TƠ XANH XẾP BÈO NGỰC,1.198.000 VND,{'001_SM TƠ XANH XẾP BÈO NGỰC': 'https://elise.vn/media/catalog/product/cache/f677d7e3a5087b6a18a5b1f320b78594/f/s/fs2312067tsorge.jpg'}
elise_56422,56422,fs2312079bkwowh,https://elise.vn/jupe-trang-in-hoa-ly-fs2312079bkwowh.html,JUPE TRẮNG IN HOA LY,1.198.000 VND,{'001_JUPE TRẮNG IN HOA LY': 'https://elise.vn/media/catalog/product/cache/f677d7e3a5087b6a18a5b1f320b78594/f/s/fs2312079bkwowh.jpg'}
elise_56417,56417,fs2312078tswowh,https://elise.vn/ao-trang-in-hoa-ly-fs2312078tswowh.html,ÁO TRẮNG IN HOA LY,1.098.000 VND,{'001_ÁO TRẮNG IN HOA LY': 'https://elise.vn/media/catalog/product/cache/f677d7e3a5087b6a18a5b1f320b78594/f/s/fs2312078tswowh.jpg'}
elise_56233,56233,ff2307050tlorge,https://elise.vn/sm-to-van-xanh-com-co-vien-beo-ff2307050tlorge.html,SM TƠ VÂN XANH CỐM CỔ VIỀN BÈO,1.198.000 VND,{'001_SM TƠ VÂN XANH CỐM CỔ VIỀN BÈO': 'https://elise.vn/media/catalog/product/cache/f677d7e3a5087b6a18a5b1f320b78594/f/f/ff2307050tlorge3.jpg'}
